<?xml version="1.0" encoding="UTF-8"?>
<extension type="component" method="upgrade">
	<name>com_xbmusic</name>
	<creationDate>1st November 2025</creationDate>
	<version>0.0.59.2</version>
	<author>RogerCO</author>
	<authorEmail>roger@crosborne.co.uk</authorEmail>
	<authorUrl>www.crosborne.uk</authorUrl>
	<copyright>Copyright (C) Roger Creagh-Osborne, 2025, All rights reserved.</copyright>
	<license>GNU/GPL Version 3</license>
	<description>XBMUSIC_XML_DESCRIPTION</description>
	
	<namespace path="src/">Crosborne\Component\Xbmusic</namespace>

	<scriptfile>script.xbmusic.php</scriptfile>	

	<install>
		<sql>
			<file charset="utf8" driver="mysql">sql/install.mysql.utf8.sql</file>
		</sql>
	</install>
	<uninstall>
		<sql>
			<file charset="utf8" driver="mysql">sql/uninstall.mysql.utf8.sql</file>
		</sql>
	</uninstall> 
	<!--  -->	

	<update>
		<schemas>
			<schemapath type="mysql">sql/updates/mysql</schemapath>
		</schemas>
	</update>

	<media destination="com_xbmusic" folder="media">
		<file>joomla.asset.json</file>
		<folder>css</folder>
	 	<folder>images</folder>		
		<folder>js</folder>
	</media>
		
	<administration>
		<files folder="admin">
			<file>access.xml</file>
			<file>config.xml</file>
  			<folder>forms</folder>
			<folder>language</folder>
 			<folder>layouts</folder>
			<folder>services</folder>
			<folder>src</folder>
			<folder>sql</folder>
			<folder>tmpl</folder>
			<folder>vendor</folder>
		</files>
		
		<menu img="class:default" link="option=com_xbmusic">com_xbmusic</menu>
		<submenu>
			<menu link="option=com_xbmusic&amp;view=dashboard" >
				xbmusic_iconmenu_dashboard
			</menu>
			<menu link="option=com_xbmusic&amp;view=albums" >
				xbmusic_iconmenu_albums
				<params>
					<menu-quicktask-title>XBMUSIC_VIEW_ALBUMS</menu-quicktask-title>
					<menu-quicktask-icon>eye</menu-quicktask-icon>
					<menu-quicktask>/index.php?option=com_xbmusic&amp;view=albums</menu-quicktask>
				</params>
			</menu>
			<menu link="option=com_xbmusic&amp;view=artists" >
				xbmusic_iconmenu_artists
				<params>
					<menu-quicktask-title>XBMUSIC_NEW_ARTIST</menu-quicktask-title>
					<menu-quicktask>index.php?option=com_xbmusic&amp;view=artist&amp;layout=edit</menu-quicktask>
				</params>
			</menu>
			<menu link="option=com_xbmusic&amp;view=songs" >
				xbmusic_iconmenu_songs
				<params>
					<menu-quicktask-title>XBMUSIC_NEW_SONG</menu-quicktask-title>
					<menu-quicktask>index.php?option=com_xbmusic&amp;view=song&amp;layout=edit</menu-quicktask>
				</params>
			</menu>
			<menu link="option=com_xbmusic&amp;view=tracks" >
				xbmusic_iconmenu_tracks
				<params>
					<menu-quicktask-title>XBMUSIC_NEW_TRACK</menu-quicktask-title>
					<menu-quicktask-icon>eye</menu-quicktask-icon>
					<menu-quicktask>index.php?option=com_xbmusic&amp;view=track&amp;layout=edit</menu-quicktask>
				</params>
			</menu>
			<menu link="option=com_xbmusic&amp;view=azuracast" >
				xbmusic_iconmenu_azuracast
			</menu>
			<menu link="option=com_xbmusic&amp;view=dataman" >
				xbmusic_iconmenu_dataman
			</menu>
			<menu link="option=com_config&amp;view=component&amp;component=com_xbmusic" >
				xbmusic_iconmenu_options				
			</menu>
		</submenu>
		
	</administration>
<!-- deleted menu items
			<menu link="option=com_xbmusic&amp;view=catlist" >
				xbmusic_iconmenu_categories
				<params>
					<menu-quicktask-title>XB_NEW_CATEGORY</menu-quicktask-title>
					<menu-quicktask>index.php?option=com_categories&amp;extension=com_xbmusic&amp;view=category&amp;layout=edit</menu-quicktask>
				</params>
			</menu>
			<menu link="option=com_xbmusic&amp;view=taglist" >
				xbmusic_iconmenu_taglist
			</menu>
			<menu link="option=com_xbmusic&amp;view=playlists" >
				xbmusic_iconmenu_playlists
				<params>
					<menu-quicktask-title>XBMUSIC_VIEW_PLAYLISTS</menu-quicktask-title>
					<menu-quicktask-icon>eye</menu-quicktask-icon>
					<menu-quicktask>index.php?option=com_xbmusic&amp;view=playlists</menu-quicktask>
				</params>
			</menu>
			<menu link="option=com_xbmusic&amp;view=schedule" >
				xbmusic_iconmenu_schedule
				<params>
					<menu-quicktask-title>XBMUSIC_VIEW_SCHEDULE</menu-quicktask-title>
					<menu-quicktask-icon>eye</menu-quicktask-icon>
					<menu-quicktask>index.php?option=com_xbmusic&amp;view=schedule</menu-quicktask>
				</params>
			</menu>

 -->
<!-- 
	<files folder="site">
		<folder>forms</folder>
		<folder>src</folder>
		<folder>tmpl</folder>
	</files>
 -->
    
    <changelogurl>https://raw.githubusercontent.com/rogercreagh/j5-xbMusic/main/changelog_xbmusic.xml</changelogurl>

	<updateservers>
		<server type="extension" priority="1" name="xbMusic Updates">
			https://raw.githubusercontent.com/rogercreagh/j5-xbMusic/main/update_xbmusic.xml
		</server>
	</updateservers>

	
</extension>
